report_date,open_interest,mm_long,mm_short,mm_net,mm_net_pct_oi,pm_net,fetched_at
2025-01-07,477043,191873,14232,177641,0.3724,-70967,seed-2026-09-18
2025-01-14,526467,206968,11346,195622,0.3716,-73987,seed-2026-09-18
2025-01-21,571387,226964,11095,215869,0.3778,-80606,seed-2026-09-18
2025-01-28,577505,227871,17331,210540,0.3646,-80898,seed-2026-09-18
2025-02-04,542004,240485,30952,209533,0.3866,-63444,seed-2026-09-18
2025-02-11,528719,229071,34268,194803,0.3684,-60901,seed-2026-09-18
2025-02-18,522330,222538,37209,185329,0.3548,-60419,seed-2026-09-18
2025-02-25,512179,212694,32882,179812,0.3511,-60490,seed-2026-09-18
2025-03-04,489270,204965,38307,166658,0.3406,-58579,seed-2026-09-18
2025-03-11,511276,204907,37331,167576,0.3278,-57259,seed-2026-09-18
2025-03-18,533566,220879,37045,183834,0.3445,-64380,seed-2026-09-18
2025-03-25,511482,213505,38773,174732,0.3416,-62757,seed-2026-09-18
2025-04-01,498746,204833,62834,141999,0.2847,-62315,seed-2026-09-18
2025-04-08,445468,175393,44407,130986,0.294,-52647,seed-2026-09-18
2025-04-15,456628,168400,43546,124854,0.2734,-51605,seed-2026-09-18
2025-04-22,465351,166360,45458,120902,0.2598,-45310,seed-2026-09-18
2025-04-29,451868,150715,44820,105895,0.2343,-45074,seed-2026-09-18
2025-05-06,452414,144383,42292,102091,0.2257,-45285,seed-2026-09-18
2025-05-13,440842,144410,43183,101227,0.2296,-41533,seed-2026-09-18
2025-05-20,448000,149149,41520,107629,0.2402,-38817,seed-2026-09-18
2025-05-27,437538,147502,36686,110816,0.2533,-46192,seed-2026-09-18
2025-06-03,415941,159966,36384,123582,0.2971,-48108,seed-2026-09-18
2025-06-10,417143,160680,36589,124091,0.2975,-49365,seed-2026-09-18
2025-06-17,441214,167646,37135,130511,0.2958,-52962,seed-2026-09-18
2025-06-24,434958,163829,38701,125128,0.2877,-50415,seed-2026-09-18
2025-07-01,437662,165086,34726,130360,0.2979,-49413,seed-2026-09-18
2025-07-08,443144,164685,35743,128942,0.291,-46812,seed-2026-09-18
2025-07-15,448531,172657,35930,136727,0.3048,-46736,seed-2026-09-18
2025-07-22,489423,194753,34819,159934,0.3268,-51362,seed-2026-09-18
2025-07-29,445259,170918,36662,134256,0.3015,-48170,seed-2026-09-18
2025-08-05,449647,186304,32317,153987,0.3425,-34017,seed-2026-09-18
2025-08-12,446152,182337,34050,148287,0.3324,-39750,seed-2026-09-18
2025-08-19,438541,173388,36003,137385,0.3133,-40005,seed-2026-09-18
2025-08-26,443760,175494,33577,141917,0.3198,-42328,seed-2026-09-18
2025-09-02,492908,196127,34625,161502,0.3277,-55302,seed-2026-09-18
2025-09-09,509625,198907,35388,163519,0.3209,-62554,seed-2026-09-18
2025-09-16,516221,195347,36376,158971,0.308,-65384,seed-2026-09-18
2025-09-23,528789,198826,38277,160549,0.3036,-67152,seed-2026-09-18
2025-09-30,493748,184199,38972,145227,0.2941,-65397,seed-2026-09-18
2025-10-07,485559,170587,40828,129759,0.2672,-65352,seed-2026-09-18
2025-10-14,485788,152187,43877,108310,0.223,-61457,seed-2026-09-18
2025-10-21,472421,135503,43276,92227,0.1952,-57778,seed-2026-09-18
2025-10-28,457122,138605,34446,104159,0.2279,-58194,seed-2026-09-18
2025-11-04,450399,130688,30143,100545,0.2232,-59451,seed-2026-09-18
2025-11-10,459997,134155,30068,104087,0.2263,-58746,seed-2026-09-18
2025-11-18,471953,130222,32017,98205,0.2081,-58897,seed-2026-09-18
2025-11-25,432946,136979,27670,109309,0.2525,-46692,seed-2026-09-18
2025-12-02,418490,140143,19819,120324,0.2875,-48707,seed-2026-09-18
2025-12-09,432569,143383,19835,123548,0.2856,-49393,seed-2026-09-18
2025-12-16,471093,152873,20277,132596,0.2815,-44249,seed-2026-09-18
2025-12-23,492103,160581,24311,136270,0.2769,-51284,seed-2026-09-18
2025-12-30,481866,148642,22602,126040,0.2616,-54481,seed-2026-09-18
2026-01-06,488116,146445,23232,123213,0.2524,-50542,seed-2026-09-18
2026-01-13,527455,158825,24080,134745,0.2555,-51165,seed-2026-09-18
2026-01-20,528004,163668,26224,137444,0.2603,-42289,seed-2026-09-18
2026-01-27,488463,143321,25162,118159,0.2419,-40589,seed-2026-09-18
2026-02-03,409694,118936,26864,92072,0.2247,-24634,seed-2026-09-18
2026-02-10,404391,119232,27210,92022,0.2276,-18445,seed-2026-09-18
2026-02-17,407078,123011,27118,95893,0.2356,-21398,seed-2026-09-18
2026-02-24,420182,121233,25259,95974,0.2284,-19818,seed-2026-09-18
2026-03-03,409789,123456,25539,97917,0.2389,-20791,seed-2026-09-18
2026-03-10,413956,125077,26678,98399,0.2377,-19696,seed-2026-09-18
2026-03-17,411388,130147,28104,102043,0.248,-17834,seed-2026-09-18
2026-03-24,403925,119562,27941,91621,0.2268,-22216,seed-2026-09-18
2026-03-31,361409,120092,27278,92814,0.2568,-19910,seed-2026-09-18
2026-04-07,354877,120726,30694,90032,0.2537,-19296,seed-2026-09-18
2026-04-14,362274,125422,30281,95141,0.2626,-18530,seed-2026-09-18
2026-04-21,365842,123681,30705,92976,0.2541,-20418,seed-2026-09-18
2026-04-28,369530,122257,32505,89752,0.2429,-20192,seed-2026-09-18
2026-05-05,367932,123353,29099,94254,0.2562,-19112,seed-2026-09-18
2026-05-12,376496,127242,29227,98015,0.2603,-20202,seed-2026-09-18
2026-05-19,379325,122894,29354,93540,0.2466,-17914,seed-2026-09-18
2026-05-26,353489,124277,26831,97446,0.2757,-19510,seed-2026-09-18
2026-06-02,326052,129367,17188,112179,0.3441,-20154,seed-2026-09-18
2026-06-09,332709,126280,20417,105863,0.3182,-19300,seed-2026-09-18
2026-06-16,339330,128043,14322,113721,0.3351,-17047,seed-2026-09-18
2026-06-23,352167,131102,15707,115395,0.3277,-9336,seed-2026-09-18
2026-06-30,369541,134577,14486,120091,0.325,-17046,seed-2026-09-18
2026-07-07,371776,134941,18780,116161,0.3124,-20986,seed-2026-09-18
2026-07-14,383689,136905,16126,120779,0.3148,-19149,seed-2026-09-18
2026-07-21,383368,141487,16656,124831,0.3256,-19321,seed-2026-09-18
2026-07-28,384603,135093,15298,119795,0.3115,-20549,seed-2026-09-18
2026-08-04,371551,139809,9043,130766,0.3519,-18856,seed-2026-09-18
2026-08-11,400309,148634,10972,137662,0.3439,-27935,seed-2026-09-18
2026-08-18,406260,154595,12947,141648,0.3487,-29761,seed-2026-09-18
2026-08-25,427957,159819,15072,144747,0.3382,-34558,seed-2026-09-18
2026-09-01,415196,149721,12950,136771,0.3294,-31289,seed-2026-09-18
2026-09-08,411227,145804,10832,134972,0.3282,-30961,seed-2026-09-18
